id,first_name,last_name,email
1,Korella,Alders,kalders0@last.fm
2,Colly,Woolland,cwoolland1@amazon.de
3,Gabriel,Caudle,gcaudle2@blog.com
4,Esma,Roncelli,eroncelli3@fda.gov
5,Carmine,MacConnal,cmacconnal4@yahoo.com
6,Neala,Beedham,nbeedham5@unblog.fr
7,Obadiah,Stubley,ostubley6@whitehouse.gov
8,Tiff,Johantges,tjohantges7@msn.com
9,Rebecka,Wilcock,rwilcock8@addthis.com
10,Michal,Moss,mmoss9@blog.com
